{
  "project_info": {
    "project_number": "805351369144",
    "project_id": "baychalet-456ce",
    "storage_bucket": "baychalet-456ce.firebasestorage.app"
  },
  "client": [
    {
      "client_info": {
        "mobilesdk_app_id": "1:805351369144:android:026519b0e3ac77b266474d",
        "android_client_info": {
          "package_name": "com.example.baychalet"
        }
      },
      "oauth_client": [],
      "api_key": [
        {
          "current_key": "AIzaSyC1V8L0HYoQjipy0ZYtU9q_0Bhd-ffk0z4"
        }
      ],
      "services": {
        "appinvite_service": {
          "other_platform_oauth_client": []
        }
      }
    }
  ],
  "configuration_version": "1"
}